"seed","trial_sd","block_sd","gxe_sd","residual_sd","cv","mean_T1","mean_T2","mean_T3","mean_T4","abs_error","rmse","pvalue"
1,10,2,3,4,3.28257537937527,97.2518827390806,95.870652957272,102.718543950071,100.759267189443,11.3996531641332,3.26598713093097,0.696493761542042
2,10,2,3,4,4.40431930574363,106.370387824918,97.9973666490007,111.359643507554,109.998504922762,21.731169606233,5.90468187997161,0.654906687489605
3,10,2,3,4,4.07632767101479,95.0743759139051,96.2068396301752,100.210293003397,97.9239005160526,18.5845909364698,4.91180942378526,0.693863763260938
4,10,2,3,4,3.47899450181439,107.675864351153,103.268972475418,105.570027403175,110.407065200603,18.9219294303495,5.13435656920594,0.66088127603207
5,10,2,3,4,3.89214966410708,99.4045102260143,96.0739188478069,101.896552901673,103.186371630436,7.43864639406945,2.25141981015427,0.237178054308836
6,10,2,3,4,3.8356935894626,105.177779665515,98.6463479872855,106.333184612614,107.10548334622,11.9700996370642,3.32358826493028,0.913208833708354
7,10,2,3,4,3.39946066921324,105.040983126163,102.656820244557,108.486572173797,107.786922975605,15.9712985201212,4.19343589972414,0.693471762447609
8,10,2,3,4,3.54552373013862,103.477911779087,98.7719420248925,103.5681369981,103.580832576417,6.69327417587756,1.99629735749118,0.9994862866265
9,10,2,3,4,4.43726733280382,97.0152112346338,90.0163917556799,99.3746636929482,99.3244043977195,22.2693289190186,6.20356442558966,0.807407833714658
10,10,2,3,4,3.75328561545001,90.7440240706236,91.0683434070161,97.8743893823958,99.6562611516999,28.6569819882645,7.42083231488079,0.085468883399739
11,10,2,3,4,3.91795527188074,88.779747969422,91.9567203366516,94.0092469417611,98.3436581243063,34.910626627859,8.88438139507852,0.0089440195418915
12,10,2,3,4,2.89326282290155,97.0593413955738,96.6783135620198,99.5397383769023,100.120561444599,14.6020452209048,3.72368785400511,0.604231897973744
13,10,2,3,4,2.43232407261857,106.068259889718,106.760657210972,110.364279188837,112.905173565517,28.0983698550436,7.05787930410951,0.250757415265066
14,10,2,3,4,3.57962567543643,112.345059228863,113.605960167888,113.077949208929,118.127676321985,49.1566449276656,12.3634904590781,0.0598216684467712
15,10,2,3,4,2.81948572821427,109.123408173275,107.088869487949,111.140321718344,111.253279687097,30.6058790666646,7.72749946354823,0.911477134971506
16,10,2,3,4,3.61734047576129,104.836063744456,106.927806535809,108.650716687385,112.907383364744,25.3219703323935,6.43893094185969,0.345076959802532
17,10,2,3,4,4.59239345949796,98.4147717025785,92.9246635364164,103.10298046407,106.07335923952,9.83690446459519,3.66524350694825,0.0312136883494454
18,10,2,3,4,3.57592698483072,98.3411034997043,106.616488213482,106.694372847833,108.977682835881,15.9474403974922,4.35890483262453,0.133635382128452
19,10,2,3,4,4.37432336975012,98.7689677043594,96.7857529517185,101.71610809765,101.094414547133,9.63475669913839,2.68089540764177,0.746299460283837
20,10,2,3,4,4.08565252762025,105.478476486507,106.216535319093,109.805972946842,113.046993509536,26.5479782619781,6.7032527231636,0.132162663632807
21,10,2,3,4,3.45979118766758,108.387013641514,113.602099928962,112.595609826698,116.204927937746,42.7896513349206,10.8741121285456,0.151399227085943
22,10,2,3,4,4.33581744347258,110.567598538027,111.056513843432,115.3229889909,112.63664306861,41.5837444409689,10.5367809631085,0.766959761764003
23,10,2,3,4,3.51160971227718,102.629655122161,103.877556049344,104.855025656081,109.092770037124,12.4550068647108,3.24585942928888,0.0520939431785024
24,10,2,3,4,4.58460344580685,99.1724602137587,98.6043977341834,103.490478713174,107.541542982203,5.25516374743495,1.52746013701067,0.114469977508496
25,10,2,3,4,3.77775990245405,88.4375666172024,90.0409577203344,95.7034855917372,97.6065919007095,36.2113981700164,9.23003243077236,0.146855150197091
26,10,2,3,4,4.45282886336081,92.4306454900769,97.8875542583705,101.141777791645,101.41161019548,15.1284122644276,4.41834487882707,0.142332359764223
27,10,2,3,4,4.67046768072198,105.882819556731,104.98202086471,109.625275098348,114.098153381881,26.5882689016689,6.8209010204384,0.0351033000698491
28,10,2,3,4,3.92410894578383,89.2539211166896,88.3071335607318,89.8247581647499,94.7902325158393,45.8239546419895,11.5111650847215,0.162884910357261
29,10,2,3,4,2.58162186890719,92.1110821563546,93.6565292093307,96.3948112310276,98.976534171346,26.8610432319411,6.75250519582515,0.488817528068527
30,10,2,3,4,4.71507349989503,90.1364766461542,93.4013152269734,91.657931561033,96.1736409002236,36.6306356656157,9.31905125425933,0.279848472120626
31,10,2,3,4,3.41676839512604,104.393774749948,101.996908749372,106.13895348115,108.721615647391,13.2512526278603,3.4276943085084,0.464797220869953
32,10,2,3,4,2.9055261121816,102.355930739818,100.033582881662,101.204229599158,105.118830857267,4.30411487958898,1.48243461625947,0.56278685997849
33,10,2,3,4,2.65134657969473,104.414800223827,103.177504909228,108.574267329753,103.999743382553,14.1668290802545,3.92619306799747,0.994232708395269
34,10,2,3,4,4.25480712296853,99.2951168206588,103.822649840998,101.356866638474,105.430263858253,6.6009302401186,2.12099778022523,0.274182964817256
35,10,2,3,4,3.04279936961912,108.369618956122,105.909094907903,109.789233705656,110.139135414602,26.2070829842838,6.6609370816148,0.811000003629295
36,10,2,3,4,3.24809905993513,109.17737507563,105.675287784987,112.453447541912,107.882542562389,27.1886529649178,7.3162460793238,0.915292691676586
37,10,2,3,4,3.4402556392909,101.822499967534,104.172374924924,107.642411078664,105.059212250241,10.6964982213632,3.25137299304761,0.841333475562599
38,10,2,3,4,3.37187012435775,98.9676585831796,98.5486420720786,98.4027462619579,103.231341452046,8.84961163073808,2.61892457064998,0.229243584967155
39,10,2,3,4,3.94464226820146,93.7124236660966,90.2865767067834,99.7951727458245,99.80841141162,24.3974154696755,6.54040744197118,0.0357836948761709
40,10,2,3,4,4.45040299866527,99.9271273142575,99.7998296396481,107.819781405379,106.05600114644,6.14882559791411,2.46935263877072,0.0915119935811404
41,10,2,3,4,4.10796722889347,101.682407004734,104.537572239172,105.1505962028,109.835268564103,13.2058440108095,3.58555927540555,0.101978065117406
42,10,2,3,4,4.57653860366314,104.321468891196,98.2738793313687,106.028868864236,113.761838896787,17.8382973208509,5.18648371708251,0.0678871074963525
43,10,2,3,4,3.7881031093328,93.2324608780065,95.2725766025252,95.6367148752383,97.3880677596274,26.4701798846026,6.71393323632403,0.512332708609691
44,10,2,3,4,6.19037409945529,97.4549970423728,92.8586239748071,100.055130443215,98.7261253976949,18.9051231419103,5.13590427333541,0.941917239147446
45,10,2,3,4,3.62163117221809,96.7084078391418,99.3272052598224,106.76149833705,100.550980086188,12.1749051518981,3.36265816166917,0.733381891121367
46,10,2,3,4,4.51363673827008,93.54309862928,97.5394060386389,98.9750893858068,103.053204050886,14.8892018953882,4.1150947095305,0.0715618181647035
47,10,2,3,4,2.8494432893629,104.006572297946,109.300051163255,111.76542192975,114.477299006914,31.549344397866,8.20358749710823,0.0150780168034217
48,10,2,3,4,3.79169048355004,92.7811574064842,88.6640076384347,95.5095639616903,93.0243770005502,38.0208939928406,9.74857155536626,0.997669431586011
49,10,2,3,4,4.29430796130419,90.9441567065714,87.1764083694976,97.6250722355779,97.1956805436903,35.0586821446628,9.16856110180213,0.237201907999095
50,10,2,3,4,4.53233930305157,98.7423495267244,98.6942062736139,96.473147535923,102.393636892185,11.6966597715536,3.62903960113438,0.298969237576826
51,10,2,3,4,3.98091971063633,100.5397190819,95.9774300278949,97.8960296054387,101.276004797895,13.3902546506709,3.75469772157847,0.967206156680769
52,10,2,3,4,2.85585468250175,99.6072852218952,103.721752115746,104.150093633889,100.644480571785,9.62007995595602,2.92826435641829,0.964728710751693
53,10,2,3,4,3.45481603311876,96.6964295012459,95.7820754333088,100.621909834642,102.665299380649,12.2342858501537,3.15478230259645,0.310942726622884
54,10,2,3,4,3.36894549331007,106.456161229559,108.220031607747,106.332108811448,114.211154273102,27.2194559218551,7.16238873611007,0.231479119905759
55,10,2,3,4,3.95568897591601,94.3008567070045,97.2502058989202,97.1708632887923,99.4298454351848,19.8482286700981,5.12462336533889,0.298475296266111
56,10,2,3,4,3.36178682115534,97.0401419661807,95.9158396748425,99.7916593111658,102.683112987795,12.5692460600156,3.20556315430327,0.181623728205225
57,10,2,3,4,4.50265844724125,91.8898435163695,94.1157752274731,97.9612760033874,102.61722632027,21.4158789325003,5.73291133032443,0.00936161314102679
58,10,2,3,4,3.7389319681077,98.9702075687758,103.699786035272,101.110623771886,111.673544511662,13.2924992062725,3.96405184245551,0.00531082362305524
59,10,2,3,4,3.63922099407083,98.4633309548451,97.6872852839957,98.7534955807798,108.67621597966,11.7721041600392,3.13278489620351,0.0187406041188374
60,10,2,3,4,3.8313241280239,104.078486088704,100.96530040225,106.728020254059,109.567072329477,13.3388790744901,3.616702169093,0.31092785095314
61,10,2,3,4,4.25297349744841,93.0776192885718,93.4047379653911,93.914001232996,93.1143767941192,34.4892647189219,8.87750314848265,0.999965463049193
62,10,2,3,4,2.98242110982492,96.589986039953,100.208462768362,104.368217860292,105.344879951939,5.33157454064022,1.84814868368194,0.190336205092622
63,10,2,3,4,4.3449952341594,100.453753077515,100.848004198256,101.89122870459,104.185695148549,3.22483342263232,0.839265922136136,0.472027600297826
64,10,2,3,4,5.01070717391821,84.1202991050223,87.5637836225693,89.3374787613014,87.3206954441795,59.6577430669274,15.0503046021964,0.365208849344571
65,10,2,3,4,5.82131236377852,94.1898330009399,91.399277421793,90.6565416504589,99.5763028843507,32.1780450424575,8.50746618937455,0.292230314167875
66,10,2,3,4,3.98655317032009,108.050098337727,108.103714844023,112.091334586887,115.903998789426,36.1491465580636,9.11076055676552,0.0308684643628516
67,10,2,3,4,3.86350345935749,97.4639253526726,100.928489577816,102.045356590245,105.160576934788,4.57978456968725,1.43447695212446,0.250715192912694
68,10,2,3,4,2.58741723041057,98.2470821152346,105.678834265405,105.591930443476,109.219367288411,14.2430498820575,3.86791427849043,0.00313021290331039
69,10,2,3,4,4.30450100866525,99.5937653700047,100.297826173046,102.424099942269,102.852870720494,3.42709014027929,1.13968767907787,0.640836274883396
70,10,2,3,4,3.57643385645112,97.9233538492252,100.406307399557,101.381946103095,104.039489001333,5.06151844590367,1.41582349979731,0.106330399005215
71,10,2,3,4,3.67066770352165,93.7354043793736,96.1759177217484,94.4018176226424,101.193615980204,22.4932442960315,5.96418609412195,0.0217307449155154
72,10,2,3,4,3.86575853985197,106.938995487244,107.18707239762,114.343075345177,114.989469387775,35.4586126178161,9.0589530984033,0.195891256496177
73,10,2,3,4,3.23045337130415,106.385027038537,104.49752662013,108.60506296799,104.190359055223,17.2972575714338,4.82360252602291,0.790066378346106
74,10,2,3,4,3.14640159937956,100.999032162353,101.373599043916,102.51069609903,107.796151602527,5.65808670976625,1.65398924472634,0.0112610198832954
75,10,2,3,4,3.62189107088892,90.512631910012,98.9068372358527,98.5919294564177,97.7961048286937,22.1924965690239,6.37440878945273,0.132118078518641
76,10,2,3,4,3.01484497827666,99.5973488769422,99.0466296570777,103.212672788326,105.476608377194,2.04530263150011,0.579531750159007,0.118094592702853
77,10,2,3,4,4.29680598187267,102.885365051878,107.173288678864,108.664216621407,108.891131574575,19.6140019267233,5.17217693089156,0.23580795911958
78,10,2,3,4,4.54885202747574,104.612354749783,106.770155492558,104.372447404464,109.205456152379,16.9604137991837,4.65505894320516,0.371033071507097
79,10,2,3,4,3.83137000888792,102.894846522833,106.610255368182,108.252821227146,109.440897919463,19.1988210376243,4.98470956021476,0.408319175292745
80,10,2,3,4,3.81355164803654,101.661788581593,101.507815203424,106.49964606032,107.466272208106,9.13552205344273,2.41687138308902,0.0529829544307745
81,10,2,3,4,3.23226580412341,102.906182512658,101.86052196613,102.838824238474,105.550009400045,5.47788964035944,1.74899447894877,0.639313597332613
82,10,2,3,4,3.44641901879232,94.7363917351727,97.7661086066998,99.4329931751256,100.176649629128,15.8878568538736,4.14379322636602,0.533925788763923
83,10,2,3,4,3.68468535108338,90.8886831338368,92.7401092750802,102.265740454195,102.809383820551,19.296083316337,5.93843507794093,0.0587897974625364
84,10,2,3,4,3.81957507594346,103.563177218272,104.122958817355,108.828243542714,107.693560102341,16.2079396806817,4.2106623622812,0.390233010437874
85,10,2,3,4,4.1589847740301,95.3924558572459,93.1976440678814,98.4041120297718,100.662745530094,20.3430425150068,5.18255419234242,0.245651770143989
86,10,2,3,4,3.63692393760067,105.429875788388,111.062568435084,110.22742431482,111.466516657403,30.1863851956952,7.84084611768985,0.045824268384016
87,10,2,3,4,5.24600212697483,80.9028394430809,78.2647261248646,84.7963997269192,86.7181173461302,77.317917359005,19.3824789954475,0.175956332687258
88,10,2,3,4,3.80621021821736,108.558549411589,108.872432148621,111.271005942107,111.486371672858,32.1883591751758,8.10017556963012,0.397041728773366
89,10,2,3,4,3.94976715844971,101.309626911705,99.0238530513057,107.660801934191,105.539880926925,7.48645672151498,2.48407586429636,0.328339857226002
90,10,2,3,4,4.28272363282128,96.9261141365019,100.337421893368,103.335504326057,101.469361496446,7.27745058647655,2.3526899089934,0.533604498792716
91,10,2,3,4,5.63864200343011,105.347980914964,106.846587223439,108.155505679779,107.914682103124,20.2647559213066,5.25716813150124,0.701272865022327
92,10,2,3,4,3.18409157122585,98.6661326844262,93.809054694415,100.077525126181,100.496416004134,14.9508714908443,4.15120867905445,0.921146600799023
93,10,2,3,4,2.92401510964524,101.244309282444,102.950437987919,108.121662232881,101.843977796672,12.4724317065716,3.40753907118267,0.984778179200148
94,10,2,3,4,3.52732776926394,99.8030737405423,100.23666288214,104.093628770368,106.406052051114,2.93326996307984,0.903852245843571,0.168410302952862
95,10,2,3,4,3.95594136660164,88.6150827262801,90.5287231124128,93.8913079901226,100.760460143795,34.2044260273891,8.94795221732241,0.0177090930664521
96,10,2,3,4,4.22888084762404,110.819831232419,107.521085427891,116.96470670132,116.407069752212,43.7126931138419,11.1665767751064,0.182648789901178
97,10,2,3,4,4.06231993817474,105.091638028996,104.970091977359,103.244399889797,110.162362186264,15.4684920824167,4.39705318167845,0.155002506133132
98,10,2,3,4,4.14930304524145,92.0205034044956,94.3305604633431,99.6314565156552,99.6299947990394,22.3874848174668,5.83092942080723,0.1886858510424
99,10,2,3,4,2.93597580792357,104.85769843374,96.6050248488483,99.7777157833064,106.201665457643,12.6766232592288,3.42601101119601,0.911722536738971
100,10,2,3,4,4.56129628158714,97.0744524085992,101.912825851891,100.327514313796,106.663723142958,9.1745822724541,2.35201434352528,0.086843406519689
101,10,2,3,4,3.62056547771527,100.761132057224,98.1666574230845,97.8593159716381,100.668797077666,12.0663615848349,3.50451202190665,0.999779072199934
102,10,2,3,4,4.22315489552996,100.729697625534,104.719883481617,101.101152181507,105.198689127301,7.5471180529443,2.57171436554744,0.264708107058602
103,10,2,3,4,3.46041320541326,95.3099795292079,96.4464741229639,95.4837355675578,97.2892046929408,23.4706060873296,6.13543872638656,0.860459646467976
104,10,2,3,4,2.69206196751669,104.033147846491,102.34418975848,105.298130784609,106.539402153614,10.2148705431933,2.71167251291212,0.731078845862206
105,10,2,3,4,3.2294228378257,93.2796530504649,92.8331963794859,100.406449193276,96.8197343198834,24.6609670568895,6.52244949465862,0.562719021932842
106,10,2,3,4,3.31685577468716,97.218706857574,92.5703686370114,98.445083738473,101.952208747234,17.813632019708,4.82108150221431,0.0525049749293731
107,10,2,3,4,3.6963205756311,98.341043620856,96.8924717876536,100.885529516308,99.8389829272746,12.0419721479077,3.29833103666833,0.95730360265404
108,10,2,3,4,4.69501323201849,98.5813540839201,97.4753175047691,99.3144427533516,104.44914524343,8.17974041452968,2.35973256525472,0.116823780664239
109,10,2,3,4,4.93289468654921,100.726165130257,104.400138836652,99.0244383817045,106.010990699552,10.1128562847568,3.02967531072483,0.211457920239041
110,10,2,3,4,2.83730794831266,109.431337518093,106.436740949635,115.558209407418,110.977802268276,34.4040901434227,8.99756223807421,0.827978667006372
111,10,2,3,4,5.46444466799811,98.3666833195772,94.5071265373919,102.356607092979,102.946969225628,9.82261382442357,3.06056661617148,0.277498412087131
112,10,2,3,4,3.68190227353766,106.494724747241,109.618420090677,108.460182377064,107.605856684235,24.1791838992169,6.54407241770635,0.928332158023944
113,10,2,3,4,3.20086922222134,109.083158105804,110.256038523913,111.27383221595,112.495460689158,35.1084895348252,8.83640647915525,0.771918061046941
114,10,2,3,4,4.69884261831431,100.289576203245,101.767538251363,107.437425798685,109.41043010514,10.9049703584325,3.25387028316572,0.0467768665927566
115,10,2,3,4,3.63823256192599,105.261735871973,104.835599195389,108.492156421185,113.847430870817,24.4369223593644,6.3148574634252,0.173522876016801
116,10,2,3,4,3.61614222780309,109.535895155777,107.045165291996,109.790342888027,113.479571565255,31.8509749010558,8.0402043021429,0.261841163294269
117,10,2,3,4,3.60980325417183,106.572715493098,105.205196781962,110.659466734523,102.41484541178,22.0225335978028,5.82333919230228,0.145194566913466
118,10,2,3,4,5.27309868824047,95.2758465351183,96.9828733446309,97.9984217141854,101.835753515388,15.9071048906775,4.0758103604929,0.0879864742409526
119,10,2,3,4,3.56061508222423,92.0029996909628,90.9310427949872,90.2402753209337,94.4162875562984,40.4093946368178,10.2594290984639,0.843868017806194
120,10,2,3,4,4.52242628679578,100.650110266727,95.1265718648181,98.8497348356638,100.004299746013,14.6695038202315,4.07291870498512,0.975514821799593
121,10,2,3,4,3.95581117100517,98.3918853200856,101.571269029987,101.861905802858,106.14227955717,5.45975746421246,1.38338174202269,0.0346755827710243
122,10,2,3,4,5.27065541296209,104.225197100545,99.2122444377121,101.351149846343,109.288982821282,10.9507856377722,3.14590725526199,0.372218105357669
123,10,2,3,4,3.31205537926633,102.658836554769,101.407319588684,105.501843511982,109.365232156522,10.9332318119567,2.93105923637035,0.198465070853376
124,10,2,3,4,2.53632730067837,90.2126633647787,94.3206575947555,96.2341700607191,98.7669248667543,28.4655841129923,7.29168308676241,0.0308296780690971
125,10,2,3,4,4.07703645616023,110.125726325903,110.631331091617,106.38556239924,113.851972866958,32.9945926837177,8.73749092707928,0.666244691603588
126,10,2,3,4,4.27472956314827,97.9320393910463,96.6837084190893,103.689185825733,106.114630488848,7.1880685044448,2.06104519351609,0.0412049297963153
127,10,2,3,4,4.99189775539116,93.0577607614009,93.4632653590117,97.1420132653315,103.722877188536,20.6140834257197,5.63184331883786,0.0367879999524874
128,10,2,3,4,3.89218186265947,107.398993209658,111.320735967785,115.052759943268,113.654880641986,39.4273697626974,10.0384279713751,0.407305578069636
129,10,2,3,4,4.7501590212031,90.1559353409477,86.5929454941623,90.3328985630619,92.9910831878997,47.9271374139283,12.0553334809508,0.432278797068936
130,10,2,3,4,4.23913628694324,102.498786891495,106.115049348947,110.465640299809,110.477219472237,21.5566960124878,5.687123233726,0.110884310579017
131,10,2,3,4,4.75126375126599,95.997098820134,100.330105157772,104.182448861041,100.394537714652,10.120917484027,3.11209959037708,0.266218517139778
132,10,2,3,4,3.38498011969977,99.1536260389396,98.5594166067478,105.20344069348,106.368629094817,5.85902714261005,1.54271885673798,0.0115378368818035
133,10,2,3,4,4.65259190996674,99.9086834172322,101.557208172435,100.160987115804,103.887805211063,5.59973242833614,1.71246951912716,0.334553031993249
134,10,2,3,4,4.09246330477652,102.715620772342,99.7181219500979,104.457839092344,106.257826559564,5.71316447415191,1.67043960436335,0.403742367274718
135,10,2,3,4,3.29076782949571,98.6587850734843,97.0468239295616,98.0198444084845,100.868756417065,13.4057901714045,3.61902022788496,0.614048123915407
136,10,2,3,4,3.67691473944669,96.1996858676718,96.0960322575813,98.5556939515781,100.849991801209,16.2985961219601,4.08221067377388,0.48588628677749
137,10,2,3,4,3.35712327025221,103.091182757718,105.945159170755,109.901373919032,112.885564352239,23.8232801997437,6.21915218359421,0.00319288122777883
138,10,2,3,4,3.91163986909752,98.2698204461717,95.312215171208,101.376879259458,99.7541609420418,13.2869241811205,3.71221619285284,0.923794360046926
139,10,2,3,4,3.96825331063286,92.2537894195849,98.1807177243279,95.2326449148906,98.4774148811497,23.8554330600469,6.44572509508301,0.470482735702552
140,10,2,3,4,3.0854868393145,113.459460975732,114.78106445778,117.660099061748,120.025442282691,57.9260667779513,14.4941313688769,0.139764008174143
141,10,2,3,4,3.19613634787607,100.950762324639,102.687892533799,105.317581252357,106.05038914843,7.00662525922399,1.91070768928799,0.410275133774795
142,10,2,3,4,3.74728241374606,112.088929079795,111.57387208827,114.10503855338,120.058321184588,49.8261609060333,12.5516098527462,0.138831215696192
143,10,2,3,4,4.35896736804878,102.065061573979,106.158903300281,110.106977882203,106.111927864081,16.4428706205435,4.84618631914758,0.487748589729012
144,10,2,3,4,5.0334747928149,94.5706006294611,89.7484369462041,97.7970829365242,98.7429833952403,27.1408960925702,7.08508160384209,0.25759889400523
145,10,2,3,4,2.33045422066566,108.641660453018,110.640439102615,109.678181229398,114.487283319087,35.4475641041184,8.97919663710274,0.314582030746937
146,10,2,3,4,4.70509037537211,92.6745698692518,95.0093314039672,96.7088537870125,99.7702140450231,23.8370308947455,6.03112513226104,0.108395524794227
147,10,2,3,4,4.87363600059651,96.5883925574034,97.2066259902372,101.126293361068,108.219168908183,11.2978569994749,2.88599327480985,0.0062216315610959
148,10,2,3,4,4.24184433267281,97.3230723867229,98.251633352626,101.188573433074,103.918662755606,7.31805807197132,1.91528612900623,0.1288022757182
149,10,2,3,4,5.32423276652494,94.4459241924519,91.1388841517555,99.6219703140002,99.362715634912,23.4305057068804,6.1757022216984,0.293510815892338
150,10,2,3,4,4.92420812267578,93.8563979486574,93.2892861518368,96.3190160055072,94.0230301155496,30.512269778449,7.87253043017286,0.99943491110444
151,10,2,3,4,4.23862919211229,98.8557782642531,103.16400507593,105.075968805825,107.293736651859,8.67793226936105,2.28533617942237,0.106525625895341
152,10,2,3,4,4.33432717024007,104.060839393111,103.251378786232,109.096076115933,112.242098767559,20.6503930628354,5.40074113336618,0.0246036849155837
153,10,2,3,4,3.47194742791625,110.238378133859,113.986717130786,111.456872865751,112.123916961386,39.8058850917822,10.2800964787388,0.726450949138113
154,10,2,3,4,4.74649685175625,98.1753687848808,101.314477022792,103.732837801553,105.968359822339,4.84030586180356,1.27787919064572,0.0665781401654508
155,10,2,3,4,3.5544449011986,104.789327707554,100.88234837091,108.255152257227,109.693141304621,15.6199696403122,4.28247589280335,0.314777761956154
156,10,2,3,4,3.68059463952576,92.618634007832,92.1077072349812,98.8329694458288,95.4670185489869,28.9736707623711,7.50024546238086,0.685710153448084
157,10,2,3,4,4.51375753435088,106.103629479488,104.729101615749,108.35224244568,112.338497442797,23.5234709837141,5.96067820869054,0.305375291653859
158,10,2,3,4,4.32303224491956,100.941233163742,98.0623850629472,105.235503783083,104.294671526927,5.81968035695131,1.59179434380871,0.456449260395356
159,10,2,3,4,4.39395225301084,87.5305794429892,90.1978908075061,87.2452184891249,91.9342335209765,51.0920777394034,12.9469609154906,0.232141866094745
160,10,2,3,4,3.37354626278504,103.728790893659,104.575911424119,108.60632222196,106.501309961344,15.4123345010818,4.13907076970449,0.743429413713454
161,10,2,3,4,3.05690993337978,100.686624051456,96.8383464983493,103.974761017062,104.887980491144,4.9350580790252,1.69042989083303,0.594270499873776
162,10,2,3,4,3.71263391153614,103.713833350108,99.4356826204286,104.721984195173,106.843831657508,7.84396658235985,2.26251834284893,0.305344101494186
163,10,2,3,4,4.62355603923751,102.177505172877,97.2092270400712,100.645367308891,102.42055929642,9.90235152749474,2.48635033458181,0.997199598552048
164,10,2,3,4,3.42502750696411,114.418926903289,107.655950442921,114.181525697158,112.948626094083,41.2050291374505,10.6621550814854,0.751088298059883
165,10,2,3,4,3.87623468475059,107.394921323313,106.932511926115,109.442048437364,106.672138793785,22.4416204805774,6.0630153224025,0.97813823335842
166,10,2,3,4,3.85889779115575,103.519387337447,100.888020056834,98.5729004455361,100.735854261585,13.0986526871598,3.56920215860276,0.726292472549148
167,10,2,3,4,3.7869289597849,96.2155425691711,91.7132581243003,95.636999361803,100.5898296346,23.8443703101258,6.25810654292044,0.465836683850157
168,10,2,3,4,4.28414516054005,101.748227440329,101.16294096911,111.483842867078,108.417315404143,14.8123266806602,4.69207750483261,0.208850150698163
169,10,2,3,4,3.33556176770734,112.354104677273,111.782653113401,112.544954795341,117.919193494338,46.6009060803536,11.7203513104025,0.0518182730093846
170,10,2,3,4,3.07912069093562,110.733604198952,114.248192115211,111.566499840772,116.603208313439,45.1515044683731,11.4699673096603,0.040874480522253
171,10,2,3,4,3.87159340474142,98.6120242193279,103.200442923699,102.067821340411,105.403160909299,5.92375827325911,1.81664577227978,0.177662614217531
172,10,2,3,4,4.03553681202373,105.482212543554,105.778650860848,109.005789209135,108.998401532346,21.2650541458835,5.37364352610765,0.576738485271974
173,10,2,3,4,2.1259691302624,111.347432646474,107.15212568224,115.025705244762,117.304916123314,42.8301796967896,10.908089622804,0.28444522564208
174,10,2,3,4,2.61054997132116,108.363961146256,108.993471975262,113.742192243755,112.207803907184,35.3074292724565,8.91887767031399,0.544568643542572
175,10,2,3,4,3.3916919368779,107.012071063782,105.724746772385,107.123907920459,109.741450102555,21.6021758591812,5.50976024484975,0.711776063576857
176,10,2,3,4,3.98169587338682,98.0312364658527,97.1445532835735,101.401440179611,100.147716792524,11.2750532784386,3.08746059200178,0.869751379547254
177,10,2,3,4,3.49194037915715,103.091010429663,102.661675025492,105.827340196956,104.891880915606,8.68814473650531,2.48215640841515,0.7564761363129
178,10,2,3,4,3.79464931172482,107.833243407693,103.591439862653,109.034090472443,112.005238196265,24.4640119390543,6.31944919647388,0.446122687839388
179,10,2,3,4,5.2633923772596,104.259211956792,97.8375043094014,106.171330335364,108.343053062236,12.9360910449915,3.31853182814591,0.519400897659804
180,10,2,3,4,3.69914946456676,103.021170065529,106.282092315059,108.664095134773,111.436915506379,21.4042730217413,5.52512459931462,0.0121273037257293
181,10,2,3,4,4.65625888480915,101.685475846213,97.3018595451944,107.790746262957,104.716300479483,9.45806208449213,2.87891150940784,0.675372255696386
182,10,2,3,4,3.37373788128834,108.817315766022,109.340219295232,114.525770767797,116.842115160743,41.5254209897938,10.4649873037771,0.146401262338089
183,10,2,3,4,4.42497509569965,96.820192624669,98.5863378936943,98.5452723422336,102.209049058044,11.8391480813586,3.15212710563381,0.233337534404383
184,10,2,3,4,2.69716801649996,102.328744291067,102.777528091614,107.193354954712,99.471638763172,14.8279885742214,3.91422776591867,0.859222082796632
185,10,2,3,4,3.29688299576903,103.672139381,96.7457935969794,107.17275266154,104.184806754322,11.9142916912378,3.24618513601487,0.959014669216171
186,10,2,3,4,4.38319880760162,101.638468941887,96.3201457173851,101.146298247225,105.395169823184,7.56719480046091,2.22588619386768,0.273566276334719
187,10,2,3,4,3.12313929805894,97.7863440974574,101.357948028122,105.405571162545,108.054580323132,9.03175541634135,2.33781569368037,0.0215355638495192
188,10,2,3,4,4.16587196666201,87.4724500370974,89.3294499946249,91.6088814927718,89.8189058153257,49.7703126601802,12.5600890420799,0.826942502192702
189,10,2,3,4,3.74696873753573,100.304579905223,102.393588419522,106.354015422452,104.061012091523,6.99117165567451,2.11855801118633,0.311413203756572
190,10,2,3,4,4.22073086226469,101.102290856582,103.052579499909,102.535326021755,110.103975804118,9.72352013885511,3.033141014314,0.0135877546393437
191,10,2,3,4,2.40688152306774,105.491953070633,102.205632628472,110.041932873145,115.915177581732,25.6546961539814,7.13716127133946,0.0433752071109479
192,10,2,3,4,3.54723709166184,103.541042620535,103.963096942361,113.444852096864,110.635304140406,23.584295800167,6.50185950892597,0.0329128116180466
193,10,2,3,4,4.21772184953717,102.053731835906,104.737960262519,105.096668147193,104.610066149271,9.27829409634701,2.79348114502418,0.518356132636689
194,10,2,3,4,4.87966118540965,94.5765833907611,91.6916067935489,94.2545754211074,93.7433580557026,33.7338763388799,8.68385404526102,0.939874350560929
195,10,2,3,4,4.14163898926841,97.981164772782,94.406623379971,99.873670800943,99.843568207078,15.8949728392259,4.23450943983113,0.661611631727359
196,10,2,3,4,4.45086550760605,114.062114246483,112.921260897212,112.858096735886,115.319592920243,47.1610647998253,11.9203409090156,0.888993526158106
197,10,2,3,4,3.37856854862002,104.378709874382,105.318548604743,109.656418594347,112.444501532795,23.7981786062668,6.06606484881216,0.19450483428338
198,10,2,3,4,2.78298055697884,106.074852103341,105.337761136907,104.832254714341,109.721389090626,17.966257045216,4.77085407226685,0.372694708663581
199,10,2,3,4,3.3728786557816,88.5659615436499,86.6613205258122,92.9536707186274,95.7657534912357,44.0532937206747,11.1226980331977,0.0366005537407055
200,10,2,3,4,2.71408014184802,102.021133791796,104.556971913732,103.268516066392,105.675132696742,7.52175446866146,2.51887275695888,0.589273072681313
201,10,2,3,4,3.02153213296227,99.3533849933461,98.309989047364,104.072758347993,102.824253914695,5.58513039258833,1.51318616565923,0.617395056338206
202,10,2,3,4,4.11368048610574,96.9370793761595,92.3694390966116,99.9885763340974,102.17871895159,16.5261862415412,4.59987069649629,0.0805427256996349
203,10,2,3,4,3.14263541655795,93.4584665460895,99.7013193140902,97.6172864657654,104.319782750653,12.9031449234021,4.25197514629107,0.000808867160817961
204,10,2,3,4,3.6806412502432,91.2801216470673,90.0870708795056,93.6526285655395,91.4534431733621,41.5267357345254,10.5497037497385,0.99874836957502
205,10,2,3,4,2.23064545131891,108.632245168213,108.844497914202,111.993822665768,111.445087410332,32.9156531585153,8.2941063091295,0.770341793447998
206,10,2,3,4,2.95351025410374,104.164442228937,99.8929818135166,105.657548984089,110.550389484606,12.4793988841159,3.71562316455976,0.210934907706902
207,10,2,3,4,3.99510298890618,93.2113652662971,92.466729087991,97.1215655885605,98.821733977538,26.3786060796133,6.62500366707939,0.0896910431673346
208,10,2,3,4,4.05979734228458,105.509760713118,107.545011803718,111.511235764485,114.270182996175,30.8361912774958,7.83680568304587,0.18577998935911
209,10,2,3,4,5.0342859718136,99.2421203560646,100.609597532066,107.634081842581,107.265030527242,8.26658954582457,2.62445558730141,0.0469654159706974
210,10,2,3,4,3.92007604277176,102.351593908384,104.467459290282,104.691250398625,110.930165667496,14.4404692647872,3.98482682105121,0.0673720616281891
211,10,2,3,4,3.79816230985763,103.226695436833,101.970730651888,104.318741509236,105.969782381816,7.48594997977264,2.06003032627144,0.771786715051926
212,10,2,3,4,4.21105614229239,91.4767740455303,93.8561615530347,94.9449693654824,97.7912131095251,29.9308819264275,7.53727832988564,0.299668454009698
213,10,2,3,4,5.0915930107202,92.21262159883,95.2262368126771,94.2972658619624,99.2536115946738,27.0102641318568,6.93164191432811,0.145427202970245
214,10,2,3,4,3.42353094815793,103.129758635343,102.823170147637,105.670659067356,103.478217852301,10.1453699980354,2.6083481150491,0.983027524464301
215,10,2,3,4,3.17088388827183,102.119582680348,101.132162762237,111.377429495866,111.172531665884,17.8017066043347,5.33984773620866,0.119635982756433
216,10,2,3,4,4.89928407274379,109.169512442762,112.911428210126,112.987244198738,118.895023421603,45.9632082732294,11.6576333300903,0.0360389639512662
217,10,2,3,4,4.2095934226074,97.1529253218284,88.8882389571665,96.1056800662998,98.4278487784415,27.4253068762638,7.45489581958338,0.920691777042685
218,10,2,3,4,3.91792951128925,96.0960223994528,99.9367164105526,105.187550725204,100.514433446377,10.6403784688219,3.16823023944724,0.423110839578013
219,10,2,3,4,6.32255183525401,87.7332145879285,82.7318678581267,90.1901101554659,91.0971684843811,56.2476389140977,14.1954606652601,0.584074771967262
220,10,2,3,4,3.75500943481559,92.1023197058031,90.3855056927801,93.344929162553,100.864762438132,31.3024830007314,8.14144393492501,0.0137228645543133
221,10,2,3,4,3.28397500057406,101.368349777408,97.7592894072874,102.938672881702,105.561870656389,4.23225814480777,1.3428165105084,0.130542085846187
222,10,2,3,4,2.94970475887531,106.031539633008,111.657853879948,113.53684542638,113.914368479469,37.140607418805,9.52334112008413,0.050870090007783
223,10,2,3,4,4.44356087278707,97.3883404145635,102.648838508512,101.912737718516,103.710469843531,7.63729053190143,2.04218868665215,0.384735423664921
224,10,2,3,4,3.68170655097997,105.460652504381,101.922528517155,106.244064369349,107.831213231799,13.4584586226837,3.60744243437341,0.763733785370669
225,10,2,3,4,5.61194007248602,93.6387954754616,97.0424591159021,95.812759049932,98.3646894447209,23.1412969139834,6.01863252166659,0.481869576771465
226,10,2,3,4,3.96341834424635,90.6381112044595,90.9183728542613,91.7474872198451,96.8096571135631,37.8863716078709,9.53705502106442,0.0682543712900724
227,10,2,3,4,4.36517679873992,95.2569426540516,95.9845494742822,103.584674937403,101.569896136826,12.7732866722425,3.56117583131009,0.504271626433689
228,10,2,3,4,3.12655419437113,96.408122023978,93.0846817190979,98.2730338324777,99.8660878443466,20.3680745800999,5.23030777038212,0.774373434703684
229,10,2,3,4,3.29142679831371,99.0604723172632,101.032038843045,105.658295132641,102.657597583597,6.97226407482559,1.90402196237177,0.293844195339897
230,10,2,3,4,3.90419668021327,101.563480953753,100.817414504936,101.398934190954,102.624654922516,6.35730634521859,1.6821351853858,0.910214563238683
231,10,2,3,4,3.81588665488034,88.6598894014749,85.9855481490295,89.7576440368425,95.4535829068224,48.1433355058307,12.160356078687,0.416001433365243
232,10,2,3,4,4.01389335736703,103.443956332922,103.022842366291,106.124705671064,108.285339901154,12.8768442714314,3.22318379057935,0.122722760523554
233,10,2,3,4,3.5200312827392,104.021667388152,107.609443472541,108.180502354485,110.70151691215,22.5131301273284,5.77542938419044,0.0443865299987212
234,10,2,3,4,3.66176721869313,88.0458205297282,92.0413507814241,95.9134248445901,93.4552574443182,38.5441463999394,9.87095654308702,0.0628860277828527
235,10,2,3,4,3.20317804488291,105.971330412993,103.672773478118,110.345361037047,110.921621359029,22.9110862871873,5.8772012941319,0.757290864063928
236,10,2,3,4,4.77208730533257,97.2626327882697,96.9874204655419,92.3905865414845,100.473965971235,20.8853942334693,6.11582890266242,0.485436173133914
237,10,2,3,4,3.04195019256877,102.055979992198,100.608679705556,105.425356207203,104.966539305266,5.12347659969119,1.61871994660797,0.720769581423228
238,10,2,3,4,3.21647386366902,97.9757392219973,94.6697624690086,100.978029783958,97.1852693434923,17.1911991815443,4.94134198934039,0.953808483006982
239,10,2,3,4,2.93449064781536,102.826980891166,100.168294922761,101.113833512717,108.093732254907,7.97517455611762,2.29939923799933,0.250760578758026
240,10,2,3,4,4.141862652359,99.9842960962447,104.032667365657,103.180671540759,103.702955492876,5.52608731729599,2.12000114113955,0.511800086471364
241,10,2,3,4,3.9817642927227,99.9846949310202,94.7256996159865,101.007134449101,105.018558201268,7.30102920516052,2.81914598312747,0.201404885328521
242,10,2,3,4,3.65662084608379,99.0017056264443,99.7223968182386,105.093490305752,105.552702088095,3.92208994916409,1.20019128071939,0.18779051006586
243,10,2,3,4,4.77368855671127,98.0976837953996,101.433789563431,100.351585626788,107.454175869964,8.43869601120704,2.16284750661227,0.0166177095733427
244,10,2,3,4,6.12906550921696,88.8348491894997,90.565680952037,92.6738589973337,97.7272423974134,38.1983684637162,9.65905222670554,0.0398520173048353
245,10,2,3,4,3.54872187926002,97.2812126559443,96.8324957092915,99.3205961567302,99.6109974201281,14.9546980579059,3.87312049585309,0.844920665576074
246,10,2,3,4,3.13252929490365,101.964156828738,106.111562242672,104.129359848085,110.313191686876,14.5182706063716,4.20459762230258,0.0575479726862783
247,10,2,3,4,3.41687162396551,99.7351557969268,97.4330603388066,104.742384174471,106.145354126655,5.71952216539233,1.65884450469299,0.0900555281377741
248,10,2,3,4,4.17589415658161,96.2358452054649,95.4756386258164,95.3630477793215,99.1078670895205,21.8176012998767,5.64975611458381,0.786450604259465
249,10,2,3,4,3.60153684839547,101.187782520121,95.9311937975676,96.0338478884785,103.772771347619,13.4499694864563,4.12308672702075,0.791254606088988
250,10,2,3,4,4.15899081602844,96.4482689083768,95.9282233803884,101.733541031866,103.582628667767,10.3073380116015,2.86387056265732,0.0831006786961781
251,10,2,3,4,4.64064450262158,91.288401510091,94.5339639089225,96.9147388839552,96.4436855606844,28.8192101363469,7.34864644736079,0.478976853925634
252,10,2,3,4,2.83854027723553,105.304040372834,105.803680005686,109.85574531282,109.907346333154,22.870812024494,5.76408790947937,0.533981042445283
253,10,2,3,4,4.46224719428744,99.6044988129806,97.9718025124976,99.852213315274,104.279918386144,6.29156697310418,1.9168388547552,0.346587470909206
254,10,2,3,4,3.82882473226198,105.22626658037,105.208264802074,110.648847217785,112.78989273026,25.8732713304885,6.58838328286204,0.155635900770906
255,10,2,3,4,4.22368281105901,102.439958119323,100.495893797984,103.531113826987,103.495051901615,4.97191384267859,1.47870356723191,0.934639282756331
256,10,2,3,4,3.86527161926999,97.5667847264524,93.7057087134679,94.7551932055163,99.4678683648942,22.5044449896692,6.00249862294116,0.919449119708544
257,10,2,3,4,3.15022689191776,99.8599419660689,102.143924158255,106.130415457935,107.184223908062,7.59862155818351,2.19011198737922,0.132128697573878
258,10,2,3,4,3.37151778089065,106.530307363413,101.14068694085,110.47566977306,111.960814743473,22.107478820796,6.08860947603105,0.195570002961927
259,10,2,3,4,4.8992479424953,101.199463311524,98.1693299851077,104.003199292112,105.744066065967,4.77739868449626,1.2599710382919,0.405505118474372
260,10,2,3,4,4.31207162521504,96.4270643543311,95.1846153357201,98.0188363090395,101.33709678504,17.0323872158689,4.30646752778243,0.624490729192968
261,10,2,3,4,3.37521466306043,98.7624152030497,102.516439368555,103.216639112297,101.980381266821,6.99028201098146,2.06331729406791,0.842934778152985
262,10,2,3,4,4.90349707994282,95.4157846588448,95.4215871750482,95.8334447480908,98.2376037160732,23.091579701943,5.89632114053542,0.676722967832508
263,10,2,3,4,2.6609869283047,95.152785702897,92.6824666680461,95.0544792373822,96.6544369677021,28.4558314239726,7.24260835303042,0.88525697533667
264,10,2,3,4,3.04537302519259,103.041166178676,102.855815282004,104.644068611084,110.094657041161,12.6357071129245,3.39348142091015,0.0781828931994284
265,10,2,3,4,4.09384525395349,90.4338727834014,91.5697420887691,95.056883560493,96.7000838065493,34.2394177607873,8.58140061359293,0.0909765711194749
266,10,2,3,4,3.8945071164767,103.576243301773,103.972200127578,105.688800490007,106.500976030894,11.7382199502513,3.08425303466587,0.716522763546675
267,10,2,3,4,4.75666398119673,101.06007456629,94.7397841027492,101.212830024394,101.841765053383,11.2656953857641,3.23890621474001,0.974789460227591
268,10,2,3,4,5.54222648236805,99.2283389943889,104.532190584312,104.755431336969,105.982472897941,8.04175582483379,2.50913353441538,0.113205764450887
269,10,2,3,4,3.371037364527,91.6844354474374,92.7559471829504,95.7178754162209,96.8494002775656,30.9923416758257,7.76348068415623,0.115848843571175
270,10,2,3,4,3.24071630087288,93.6181100739775,95.4491052949623,95.7354084394544,93.8707089356623,29.3266672559436,7.71483265827111,0.99501522532502
271,10,2,3,4,2.86517078046919,93.6741385253111,97.3002379889938,98.4031332429331,101.029843012658,17.592647230104,4.58798890581137,0.00379277710230275
272,10,2,3,4,3.99323954185585,100.92692916416,104.266191445962,111.124553145368,107.202524072854,15.5201978283446,4.74128313941454,0.217920964917974
273,10,2,3,4,3.71039736331806,94.6624153066991,101.603046579826,102.595184552016,104.48200048224,7.86344623887004,2.80587632222875,0.0242677613115052
274,10,2,3,4,3.40987385326868,97.158932130316,98.2725868325382,103.737419759963,99.3782461777497,10.9276546193587,3.28646948987969,0.852463312289896
275,10,2,3,4,3.68926125404519,105.425555820133,108.149977694607,109.611924675213,112.980607748436,28.1680659383885,7.12857700254847,0.0433976491359079
276,10,2,3,4,3.28375224249125,96.8197729929431,96.9923697755872,102.214044457776,99.5612705672717,12.412542206422,3.51273352746806,0.275958704719397
277,10,2,3,4,2.9864814243732,107.666836749021,106.021014011683,111.372031512942,114.171540031099,31.2314223047443,7.89368503394895,0.399719517558382
278,10,2,3,4,4.01000803883115,96.6329803420177,91.981471397417,103.541290445326,99.7680096737388,17.1588290321529,5.08183875304926,0.7198519992465
279,10,2,3,4,3.67829748386697,96.7029806225333,98.5556426177044,101.382887561163,101.128247627304,10.230241571295,2.7641465273434,0.441289632378015
280,10,2,3,4,3.72891875337063,98.3123640975254,95.7697593718807,99.8147698419876,105.187736371522,9.2908430601282,2.78046699386167,0.250914806618493
281,10,2,3,4,3.68658069042366,107.514274907253,108.740987797402,110.946122354451,113.147263827699,32.3486488868059,8.09919692633406,0.405569602009811
282,10,2,3,4,4.01148210467421,97.3620378988975,96.467881557484,101.396056762424,107.841489388841,10.6155131700351,2.74232568247624,0.107933848864529
283,10,2,3,4,3.09544210450157,101.321782400834,105.239622929914,107.766573867943,107.434564257306,13.7625434559971,3.80289648571787,0.0995467411494286
284,10,2,3,4,3.704471742075,104.108044824187,97.9710486625858,103.696223901728,104.60153635662,7.2316837067097,2.32573519578012,0.989223842477641
285,10,2,3,4,3.65026565428628,104.834946342832,104.246347839194,105.169143497322,113.70511324053,19.9555509198777,5.52024356690699,0.163883342365978
286,10,2,3,4,3.89770023280806,99.0490344044637,100.593752535322,99.1692795544657,101.375887100307,8.99955147608584,2.69562103598828,0.50219521935213
287,10,2,3,4,3.98679175809413,95.2852025438655,98.929331036315,97.7400697044518,103.777175735123,12.2682209802449,3.6241486234345,0.00987091796798656
288,10,2,3,4,4.84018822110387,93.5672694257128,89.4406307738023,92.164044401199,97.3154776080837,35.5125777912022,9.07400296489359,0.686276257204468
289,10,2,3,4,3.60055118033636,96.8989367528442,98.1296482546361,103.770062385076,107.584625789646,8.32610316724119,2.25765893480711,0.0488606754886168
290,10,2,3,4,3.30821257120349,105.618387345289,108.372792395194,112.706891698954,113.22444674759,31.9225181870269,8.11688363249538,0.117013448062116
291,10,2,3,4,2.74996117681586,90.6322343532936,92.5928682809657,97.7166671281403,99.5783792328164,27.4798510047839,7.06979864445878,0.110207274774513
292,10,2,3,4,3.74619619935797,99.409908316676,102.906946948627,105.838503450723,105.066733450705,6.40227553337996,2.05305284576848,0.0983792877024575
293,10,2,3,4,5.0581607098317,101.6668962939,106.81120323099,104.184951186579,103.944044495193,10.719006216276,3.59479429352954,0.826252451041457
294,10,2,3,4,4.02028225635678,102.810010361321,100.564657198151,104.489582656982,107.469640072867,7.33389028932031,2.03303803233277,0.141571416489403
295,10,2,3,4,4.11231362937276,99.8135950495919,105.965861140796,104.687929714553,109.941875656855,12.7820714626129,3.96539681765561,0.0492724134429423
296,10,2,3,4,3.45784253048144,101.628346233814,105.209322751842,104.167578464857,101.467181589999,11.5380658605141,3.30274886949019,0.99906164563841
297,10,2,3,4,4.83712240147649,93.3293828482802,100.347263046969,96.7764583474728,98.5940148329257,19.6474070182901,5.57644244725357,0.132176667836174
298,10,2,3,4,3.60684390967479,99.5793416431408,102.843858881405,104.069379261812,111.110798005487,10.4446945055634,3.41869533082441,0.00603592988980273
299,10,2,3,4,4.42134283648615,98.7993534699987,100.38832618587,102.197107404664,104.984222526884,2.4076427843232,0.747869434617299,0.101312513530597
300,10,2,3,4,2.45228851570057,110.539032123168,109.569840238335,116.329015489695,115.238063398584,43.6759512497837,11.0128746968992,0.25963624331816
301,10,2,3,4,3.19549972169464,91.0671024563092,93.3857270774413,95.4736488641355,100.09695934692,27.9765622551941,7.14547118611248,0.0689427948619121
302,10,2,3,4,4.64493645116863,100.997590486184,101.380645016273,102.236373292394,103.784052087814,4.35781012224915,1.11389210797134,0.584109559791237
303,10,2,3,4,4.46017983349273,103.602024597578,102.308694039942,100.659451030663,102.981340418508,10.2699271883485,2.63902469462829,0.96694727673236
304,10,2,3,4,4.31912174790348,110.015969964663,108.026914400633,108.04534162524,110.818155699707,28.9063816902422,7.48427379559171,0.972414738338545
305,10,2,3,4,4.08452975289779,98.5028688946071,99.9626432385866,103.689733324574,105.503706421481,2.72792761286138,0.862010628186687,0.183638975425904
306,10,2,3,4,3.19355313667046,107.912150974057,105.140763801907,106.440255724207,110.487549086197,21.9807195863687,5.72228407029563,0.514474793948461
307,10,2,3,4,4.69995296384172,93.7487443581889,91.1378990059693,96.3621964572564,100.001609283617,26.7495508949687,6.8311671175825,0.0626787879697888
308,10,2,3,4,4.89877888737745,93.9381287417275,91.5132272112239,97.5062282386546,98.671007322223,26.371408486171,6.6897173333649,0.617153199455373
309,10,2,3,4,3.81952961547483,100.663125112177,101.481713483808,103.405723876555,103.782373087721,3.76818938481946,1.03470248429343,0.795539157736292
310,10,2,3,4,3.29218477237705,104.801928593749,97.3246391403357,98.8429264727662,106.089279992658,12.7236429733051,3.48869120022547,0.748809064001033
311,10,2,3,4,2.72461788999756,107.079817582228,102.712253985881,105.783795924581,106.838855229933,14.4147227226233,4.14158927791977,0.998667945816188
312,10,2,3,4,3.38523052490982,113.084388372692,110.32738692999,111.498704259574,112.547726558462,39.4582061207181,10.08776846213,0.987926741723528
313,10,2,3,4,3.44282475446955,99.9807640538767,105.280033208887,110.197083732442,108.952590989541,16.4489438769925,4.88108877431428,0.054774527556814
314,10,2,3,4,4.85639705014408,88.4391130573159,93.4429108248871,100.310792643002,100.332354073284,25.4748294015112,7.1705697133845,0.00431981431931483
315,10,2,3,4,4.21027615685688,106.582510282209,103.41349334829,107.337054714172,109.220396681002,18.5534550256734,4.78547725396709,0.512303905000065
316,10,2,3,4,4.37669421913991,97.3117804049887,93.5392789744619,97.037458652014,96.4270030636651,23.6844789048704,6.28521313396936,0.950672549406208
317,10,2,3,4,3.24037491629353,104.085548917314,101.383000721256,102.204934171665,109.798360751414,11.0619762183182,3.25041522435423,0.108443516633557
318,10,2,3,4,3.35696982670811,91.6091551057683,93.6463231576918,92.7026940329703,93.4837097203784,36.5581179831912,9.34658947743334,0.786396559486387
319,10,2,3,4,4.35391148389949,98.2664549757595,101.160847403567,103.820583090566,102.961445983559,5.75352953481415,1.51507459650567,0.452218625836528
320,10,2,3,4,4.31167582059348,84.6053765553519,88.0047159139581,90.5830206159425,93.9799649545803,50.8269219601672,12.811165254708,0.162568363089248
321,10,2,3,4,4.11802270512598,102.455729513108,105.278495817323,107.303288807307,106.62908036022,13.6665944979577,3.71030062509056,0.303199710359271
322,10,2,3,4,3.38439666912207,88.7174872601747,90.5655411857505,94.2122387530539,92.013451669122,42.4912811318987,10.7491777839708,0.679111431951038
323,10,2,3,4,4.96568703994884,103.678235513329,105.639918580732,110.183732644163,109.138974811023,20.6408615492463,5.34030020874034,0.170025789313888
324,10,2,3,4,4.54051674942986,108.772538015512,104.353704835682,105.78908045521,108.038737603238,18.9540609096425,5.31331029201233,0.962198890888743
325,10,2,3,4,3.89766872878974,89.0656137563776,88.080876230297,93.7853542826555,96.7460893709839,40.322066359686,10.1816385018593,0.0867320716304264
326,10,2,3,4,3.4513886703509,107.948923242826,101.156256466162,108.103916813715,110.30937780542,19.5184743281223,5.44889367802964,0.616938637474941
327,10,2,3,4,3.65567829797744,114.425206772395,108.002657973748,116.882382409977,120.489039469203,51.7992866253225,13.2736582196328,0.111294816468594
328,10,2,3,4,5.10044717758992,100.930966464976,99.7789971462377,103.578716779589,109.103204230664,5.83389032899153,2.12642533902552,0.111599830961506
329,10,2,3,4,3.19499886978785,102.394074414403,105.326771268399,110.772707630419,106.690568456127,17.1841217693489,4.93404220848322,0.469796616996854
330,10,2,3,4,3.71038292641741,112.191617501226,110.11833515534,112.922156295675,114.940167621772,42.1722765740133,10.5862217235037,0.606726731199129
331,10,2,3,4,5.03078169451359,105.285964756529,102.662533847224,106.387382208576,106.627686683094,12.9635674954228,3.50550396020956,0.900100314093676
332,10,2,3,4,3.67377203851424,102.969083792667,101.979539287806,104.354485017589,105.639845983062,6.9429540811232,1.93507537997595,0.831406591754613
333,10,2,3,4,3.61469836687187,99.7696062349333,97.9092445264433,103.320929528426,103.766812686673,3.87526608037629,1.22964287998133,0.293971026384594
334,10,2,3,4,4.13848273252669,99.243865320837,104.650881966877,106.152424043645,108.561378547121,12.1208192368064,3.34752286137459,0.0391166716461677
335,10,2,3,4,3.92037809773974,85.0386113102277,84.2049697894643,94.7412188054706,88.3467058327277,55.6684942621097,14.307915679083,0.488953574522032
336,10,2,3,4,4.44393003703951,104.971884755732,104.932704357655,108.842348820786,109.510818778424,20.2577567125968,5.08752729967684,0.33918064359227
337,10,2,3,4,3.60155249119361,98.6277233235331,93.9473568556663,98.3814494723349,99.2410175056411,17.8024528428245,4.82220179628434,0.984105715897357
338,10,2,3,4,3.44885861119988,111.172606625762,112.482180530477,113.79667792951,116.704930189476,46.1563952752243,11.5564442483783,0.194144395292049
339,10,2,3,4,4.47728813794998,96.5681967544829,96.7937950551843,95.5173724867035,105.445120815508,14.5657565191377,4.42280653847877,0.128481089799316
340,10,2,3,4,4.15681133212931,95.7489021498137,93.0423842949872,91.8112637846245,97.4788568213872,29.9185929491873,7.8777481243206,0.887330659081876
341,10,2,3,4,3.77702034635294,99.2011445922925,97.7823189590182,101.374045662111,105.307268712854,4.94975949943263,1.44000179971708,0.372108388189549
342,10,2,3,4,2.58677234510095,97.5084748340065,100.096005020974,102.848460125203,102.679459639645,5.05961042211928,1.70475705853655,0.307152114441919
343,10,2,3,4,3.19396656372782,94.8854759524616,96.9170747779987,98.5662277630381,102.254101022871,15.3771204836305,3.964249033523,0.0706617184171048
344,10,2,3,4,3.0304226167016,111.088606140359,113.344326047804,115.618668908016,116.545961889306,48.5975629854852,12.1816282241491,0.32160489973944
345,10,2,3,4,3.36386492646279,95.6133457553763,99.9390066002758,97.6298717703172,96.6306999075799,18.1870759664509,5.43437937801791,0.934041273878495
346,10,2,3,4,2.78358590730431,107.069682672584,103.638923952017,110.823459228726,110.872133871012,24.4041997243386,6.3029884007948,0.393758819779692
347,10,2,3,4,3.70645821300028,85.3665696485457,91.0769149048085,95.7627510965701,95.3330969824444,40.4606673676314,10.4831473936495,0.11782279281719
348,10,2,3,4,3.41579206939173,104.628242539808,106.282537756813,108.011171732173,112.028977375021,22.950929403815,5.8182745453647,0.0374445263501624
349,10,2,3,4,3.57201961580905,94.5728945112734,96.5616048895061,102.264916142704,99.1183152490945,15.4822692074225,4.37065780826889,0.338897171411895
350,10,2,3,4,3.94493892725574,101.168529150403,99.8560587077079,102.526699164348,108.22205945658,5.00783073492755,1.73146327521938,0.184805584554917
351,10,2,3,4,3.20948694681567,106.808879432997,106.717261933117,109.821890038601,114.205687459253,29.553718863969,7.46266226469178,0.0998227553461302
352,10,2,3,4,4.36315167121025,90.84003018278,87.5994729079153,92.9616993273804,95.5608228045978,41.0379747773265,10.3385645248026,0.144466667181025
353,10,2,3,4,4.7066097615347,92.7819857723763,92.2698316243342,97.0678939118079,99.9215625900808,25.9587261014007,6.57334849362092,0.504174751799252
354,10,2,3,4,2.83491847437053,97.8722211946534,99.7637828248799,98.2687348576116,103.343151501567,8.75210962128817,2.72549344122506,0.338206544503445
355,10,2,3,4,4.39677419540684,98.2079136313352,95.6365151635282,100.99146475444,101.226489524168,11.9376169265292,3.18296907834285,0.708309535409617
356,10,2,3,4,4.19732970940695,97.4608059623836,98.2056195211592,107.920494620037,104.459776719065,9.79429241742938,2.92277334746422,0.0526301276504233
357,10,2,3,4,2.81135004634514,93.6505724305564,97.6686464104377,96.5533703990458,100.843433154945,19.2839776050149,5.11337758161088,0.00365096231178752
358,10,2,3,4,4.17826570596923,105.470818606441,103.340822795029,108.80329356462,112.424230937204,22.0391659032933,5.69842904620332,0.102776851233758
359,10,2,3,4,4.41233159763896,94.0765729905496,98.5562506285,103.569684982296,103.397902414417,9.53895894882945,3.16475344366578,0.0239800153996658
360,10,2,3,4,3.89662926310745,108.012080244025,110.581067169751,103.883832963845,109.877609096026,24.3545894736474,7.08386623760467,0.862996465654978
361,10,2,3,4,3.80366602985604,105.406315054407,102.385217605116,106.129373003473,107.654513207698,13.5754188706939,3.59711416471487,0.846563626095482
362,10,2,3,4,3.51885095042298,98.4641533607304,103.160631777308,104.149456071411,102.344050171732,8.50188431625587,2.27616656252688,0.425746005053933
363,10,2,3,4,2.76270846562906,102.606327721336,96.4856624019079,111.330594910752,106.808685743578,16.2599459737586,4.79097246471018,0.625159088747538
364,10,2,3,4,3.05233870054843,101.608426414229,105.23717189983,107.745875728439,113.478010463417,20.0694845059154,5.57707367007916,0.021064728830321
365,10,2,3,4,3.84562373942086,100.157563079301,97.476948606607,105.596692823992,105.075077741561,5.35238503824672,1.81239239315814,0.209835529877068
366,10,2,3,4,3.87869649766941,97.7214689683014,102.533435648144,97.608806849938,102.025511648308,13.1776481815968,3.51861280838516,0.235464658624097
367,10,2,3,4,4.11164952487193,96.2349839661188,101.856611942888,101.559332843565,104.160105858888,7.90218927431647,2.25850047961932,0.142064737605258
368,10,2,3,4,3.79727689951737,107.0648358073,104.631029080372,110.125497998781,109.5249962898,23.346359176253,5.9709012820657,0.813605980706972
369,10,2,3,4,4.06779349351552,101.440700431549,99.7561450384198,104.044675642472,110.352617623637,8.08184865923843,2.82298359889849,0.0686488221550248
370,10,2,3,4,3.26923890127854,94.4663225874151,99.2760496826186,102.371909626334,103.507232530826,8.3784855728061,2.9055353208619,0.00656955783210966
371,10,2,3,4,3.91949098248591,101.368792999737,104.34620799474,105.507309436442,104.339288982121,8.88302144879808,2.62136690816503,0.658389979479746
372,10,2,3,4,3.04799469319948,110.634299706234,109.069063559761,112.063822265452,113.55870253807,37.3258880695164,9.36403368329924,0.611019516708517
373,10,2,3,4,3.76985248501085,103.572352361199,105.252749110719,107.71287019601,110.144913351632,18.6828850195601,4.71790084393912,0.391078106441619
374,10,2,3,4,3.2752470256331,94.7653922983028,97.1860682423849,99.0678119525526,103.799962200903,13.180765305857,3.61322305175492,0.00600806616625738
375,10,2,3,4,4.44136269801113,102.088166902753,103.035006733371,110.9263795391,104.224262149159,13.8252910260656,4.3875097919109,0.880869032784572
376,10,2,3,4,3.9960614011041,103.406361481553,107.731949302797,103.450837316006,110.3610450803,16.9501931806551,5.00825311866653,0.262968258347642
377,10,2,3,4,3.91833784220435,108.243598382891,111.018622742484,112.950820545074,111.268627367733,35.4816690381814,9.05098723945816,0.399588105652676
378,10,2,3,4,3.96573010006211,104.802456122041,110.639746062261,114.104430140533,108.202958256701,29.7495905815363,8.21332897511234,0.405259719324159
379,10,2,3,4,4.02005887708218,95.8345012972387,97.424408267355,100.183503102789,102.913658796595,11.6439285360219,3.01125084495623,0.171398643856709
380,10,2,3,4,4.42524972952477,95.6480956488219,96.3738413173094,104.984264212421,99.380397949095,15.5819292971945,4.11112302020643,0.37168980506044
381,10,2,3,4,3.86324140805599,100.143585119716,99.9629733631505,101.973271887695,109.771229564412,5.97856943328267,2.44135156375323,0.0151565150465613
382,10,2,3,4,3.63234617629442,99.523358729927,106.577119159077,106.947908571962,108.318247937371,14.3199169384835,4.18576261867174,0.0696641415562719
383,10,2,3,4,3.12760861714146,99.0256142084118,101.836667142152,96.8427439136469,96.6932533086552,17.2750557114386,5.27343855963574,0.748968611050524
384,10,2,3,4,4.68272025925676,85.4627365206275,86.6506822573201,87.6466464934498,87.2355175192588,61.0044172093439,15.3365463466305,0.774864814020839
385,10,2,3,4,3.72366451762109,104.062292423754,105.85805300824,110.314152458734,107.951789306962,20.1862871976891,5.31575232412431,0.194796748709612
386,10,2,3,4,4.46673117301169,103.215421493278,101.871498252707,105.67375518278,103.707776735056,9.05289819370937,2.38013911532633,0.987581229031228
387,10,2,3,4,3.57346163649837,99.8687678099091,99.0833699142776,98.7833820718954,104.125205779811,6.1392744241068,2.20241709725116,0.282187532699736
388,10,2,3,4,3.79647178912142,97.0620213964441,100.9469512844,105.249063253173,104.924991797922,6.20900134320708,1.9099965155158,0.0999629283108485
389,10,2,3,4,4.46190639875247,101.872233777268,98.8646467088887,103.293333309023,106.266847363748,4.56776774115006,1.27330603996036,0.411563553108608
390,10,2,3,4,3.02633049771204,107.880365948265,108.197429077078,105.380339691665,114.135202877888,27.5933375948959,7.38945125872332,0.254717685527124
391,10,2,3,4,3.46913993693482,93.9007634717168,99.5207314129498,96.7762031172655,99.8708166210239,17.9314853770441,5.06148580900853,0.0832802614868797
392,10,2,3,4,3.40003963852197,109.547364097668,106.021541269133,109.912233652236,108.384369257482,25.8655082765184,6.83088665188131,0.955607544781429
393,10,2,3,4,3.52026570804589,98.0815648995728,98.816472919732,101.279309249365,102.147202169128,7.67545076220202,2.01124101660059,0.640414581120798
394,10,2,3,4,3.04013045963086,105.632121094186,109.277528164925,114.517602227004,111.44291970951,32.8701711956241,8.54341401772762,0.19575721618839
395,10,2,3,4,3.56267758643725,90.8728869980542,90.1244339139345,96.1445388399767,93.9149882902599,36.9431519577747,9.36357076109588,0.566662975709181
396,10,2,3,4,4.11516887293727,92.4196040424613,88.4504282814028,97.8388409401284,95.3845825755595,33.906544160448,8.8026817624463,0.393964482842478
397,10,2,3,4,4.82196949930036,94.8879611208657,91.7047101865031,92.8119423537964,100.269082248606,28.326304090229,7.43510046947098,0.334323376018602
398,10,2,3,4,3.6319874456214,101.073478344877,94.7990633908036,97.1259509145846,104.695869516377,12.4525945231119,3.96229243553333,0.431227329113742
399,10,2,3,4,3.53276791538626,102.771701156437,104.163427411118,107.234180462161,107.111948090281,13.2812571199968,3.4425667760564,0.389461422190168
400,10,2,3,4,2.7604359600652,103.314843176603,99.3137951077193,105.587652429698,106.240863611271,7.82956410985294,2.21893837444629,0.77770413545353
401,10,2,3,4,4.21387436158671,109.655485807751,107.246937608534,108.093164490004,112.580187813805,29.5757757200938,7.56878594459604,0.523434659481016
402,10,2,3,4,3.5536860886534,109.006189169897,106.170818410989,111.301697569691,111.186467114374,29.6651722649496,7.52298147547224,0.825385224103483
403,10,2,3,4,4.14290778231592,95.9296293251162,94.1170703503367,97.872397075916,96.1060258554661,23.974877393165,6.25643401876328,0.99924020029468
404,10,2,3,4,3.4588672613231,103.349768595691,103.539834676485,102.224469543976,107.566279931906,10.2314136601054,2.78112474363543,0.457998478292952
405,10,2,3,4,4.08565174750383,103.169215651512,104.776777030657,103.035470055172,108.045795467243,11.027258204584,3.24575317913623,0.125059070778167
406,10,2,3,4,4.00269232220264,112.891730765349,110.66731381144,116.876882535825,114.017920503942,46.4538476165569,11.7673177190737,0.957960861915264
407,10,2,3,4,3.03669863795143,102.70185254367,101.905562981821,104.441392879892,107.332045303468,8.38085370885165,2.14751170992482,0.795321668764808
408,10,2,3,4,4.09811024540905,87.9561254373221,86.1657457137091,97.7014665876622,93.4198949910779,42.7567672702287,11.1648420776852,0.0661601554780369
409,10,2,3,4,3.3591674503898,108.795388931854,112.691232050351,108.601923319232,110.010762201673,32.0993065031092,8.58655227863169,0.846544934177059
410,10,2,3,4,3.888716180858,98.2230859440789,95.4974477061486,106.291676416792,102.898877172954,11.67226559361,3.10967247022062,0.540169699694343
411,10,2,3,4,4.33543357685137,99.6223006448617,99.4940006084727,101.407225815497,103.709687088031,3.76678584313798,1.07244221297839,0.36998899672486
412,10,2,3,4,4.16610058066267,96.0297936875649,96.8052951842019,99.2467908399657,103.288897580543,12.629222707725,3.27807594147169,0.105994830886029
413,10,2,3,4,3.50038533020877,101.151898776377,104.956115667837,107.15647320532,108.635350876518,13.8998385260509,3.75439738193545,0.113768053914332
414,10,2,3,4,3.31608421368923,106.454867248809,105.498412303853,107.01454708134,110.439637866429,21.4074645004303,5.42227114429656,0.72342218347571
415,10,2,3,4,2.78300305571808,106.410968238051,107.027950157288,107.630519382347,115.253700271791,28.3231380494767,7.36669322316052,0.174531702397051
416,10,2,3,4,3.73571534834372,103.605093818111,106.773545269174,109.219252839171,110.638364389475,22.2362563159316,5.68656037989962,0.0252770308960215
417,10,2,3,4,4.12367085405936,98.2228062841839,93.9330061928417,101.851883920362,100.368083264463,13.6242203381496,3.96041836606005,0.830108782095324
418,10,2,3,4,3.58394196031945,87.8740454765213,89.0477410833317,92.8121752740899,93.1112382296449,45.1547999364121,11.3150914441879,0.339922781352027
419,10,2,3,4,3.33674432700826,109.208932809328,110.511948641411,111.89772508859,112.07583544047,35.6944419797981,9.00753110817693,0.329703524714797
420,10,2,3,4,3.76138070581007,99.5977241901112,98.7095120346047,103.085479713981,100.196978642806,6.58126484645963,2.49517063320419,0.989640555861363
421,10,2,3,4,3.83883965303664,102.058753290555,112.83355536925,114.017577699433,113.646346033818,34.5562323930562,9.55359783833478,0.0398466651630085
422,10,2,3,4,3.10720700750282,102.209756089344,101.502870836945,99.9499535418342,107.473079585626,9.23575297008082,2.37489730097657,0.41596390333358
423,10,2,3,4,3.52214421459102,99.7008891356631,99.4169702469837,106.993700808215,102.102348402787,7.77349302278103,2.48874576475949,0.513325737668124
424,10,2,3,4,2.52234161059646,97.6489110888132,96.4997998964488,103.847894954537,107.178660463684,8.87784443295904,2.41062787999075,0.0588620093966412
425,10,2,3,4,3.80794666456032,104.05190209278,100.361005301397,107.210408182276,109.418028702865,13.0413442793183,3.6672452221603,0.272161492197706
426,10,2,3,4,4.23706331249304,113.426121294231,109.869269636762,113.265004511982,113.423167886032,41.9835633290071,10.6534418269145,0.999999462428802
427,10,2,3,4,4.66707799124807,91.754860289603,91.8161686462792,96.9805681620467,99.9971587797999,27.4512441222712,7.00391683981912,0.207427689831574
428,10,2,3,4,3.63651569068363,108.940770677133,108.407367646721,108.927994661306,109.475778784767,27.7519117699269,7.17277713795103,0.9850973710724
429,10,2,3,4,3.96863272286928,97.5997858189305,98.6402492663797,102.327632385637,105.338666952641,4.77099948169418,1.42974855186529,0.0945736759471147
430,10,2,3,4,3.39125173602598,101.920849780049,108.718044067005,104.97202368589,109.540543711506,17.1514612444502,5.10390465343851,0.0168057865375028
431,10,2,3,4,4.74110365263562,101.623010582443,102.351997459208,108.827485308807,106.422813182558,11.225306533015,3.32227473937881,0.421238651258084
432,10,2,3,4,4.04134211835891,105.294494192077,100.791440346719,110.109354240242,105.237599793921,13.4328885729597,4.45133176554138,0.999701371336016
433,10,2,3,4,3.51293880905563,100.680146732953,101.189881322349,105.546593109719,108.28955561124,7.70617677626119,2.19001881986949,0.0115682061429843
434,10,2,3,4,3.78093012433137,98.2616778384909,99.6029559616093,99.2650838713206,107.37343993465,8.24372226322878,2.38548860389618,0.0922235701689917
435,10,2,3,4,2.73578073662733,98.0929102198887,102.177644985674,104.478138778132,101.398327517391,9.16454602652684,2.42569928229152,0.548047638973721
436,10,2,3,4,3.18701060331253,96.5887771312961,100.745375250753,100.411159984269,105.666494825194,7.41193296038185,2.19876861580875,0.0941242179622024
437,10,2,3,4,4.05042784933995,92.3880923956258,93.4765824564909,94.9324609772392,97.4237418312277,29.7791223394164,7.4662739627633,0.54837915115768
438,10,2,3,4,4.2971806167881,105.478776344162,100.400815194241,106.008007353862,109.118545640304,13.0061445325694,3.74793841603081,0.670732592845942
439,10,2,3,4,3.53903003575223,108.762957176564,107.670979071178,110.443238447844,115.008053879221,33.8852285748059,8.53223709570913,0.160260323468482
440,10,2,3,4,4.57060936216831,100.938578225951,104.641322160705,105.450861767398,107.340520887366,10.3712830414195,2.91150999967227,0.27826352002704
441,10,2,3,4,3.30110007533224,113.265641859368,111.581408410609,114.684206723291,117.178354692538,48.7096116858054,12.1956886284066,0.405348217289395
442,10,2,3,4,4.25076985557735,93.0920503176361,91.193505431346,94.4720885815616,98.3435061225276,30.8988495469287,7.78312757352986,0.174039140839124
443,10,2,3,4,3.90868630476193,97.4286058351938,96.1076741333393,101.960574421763,104.124657147555,8.37848846214965,2.42944948728598,0.0276046964952263
444,10,2,3,4,4.28000359184365,87.4814114520965,88.0891288689135,90.7014123296333,99.7952427026641,41.9328046466927,10.919348281181,0.00957191385398826
445,10,2,3,4,4.15503307984021,91.3967307997723,89.1194840082523,92.4206092693392,97.244375239283,37.8188006833532,9.54561539188678,0.420578834518721
446,10,2,3,4,2.6203676893133,103.635794027667,102.246999085946,105.474148963468,105.586484242018,8.94342631909988,2.48663326424653,0.839903046017168
447,10,2,3,4,3.47778498821957,97.5735011323578,100.005621326596,103.934226332978,105.973245296848,4.33959182406382,1.38815647560422,0.0815967866270353
448,10,2,3,4,3.90827379988216,92.7010921799377,91.8548291449481,93.8361917039529,99.6335570673266,29.9743299038347,7.62220368168051,0.0441718890535454
449,10,2,3,4,4.22387445309771,99.4404764003222,100.47906057807,104.776570907599,103.805617517115,4.00953756823225,1.13195841368054,0.176715344526629
450,10,2,3,4,4.14166884989479,100.110597834652,100.906356764151,104.432379487615,105.928493533439,3.37782761985687,0.967926353491085,0.484634175287989
451,10,2,3,4,2.72207698508457,109.597550221551,106.929684897305,113.42741935851,112.498512823198,34.4531673005638,8.73344536922604,0.864214307704143
452,10,2,3,4,4.25859054675665,98.1730977788643,98.9183651331679,101.064502519738,107.181824294278,7.02585886250743,1.80374703450472,0.100090446851986
453,10,2,3,4,6.04734687787951,99.9966116205059,104.718416724362,106.765603110076,107.592506825349,11.0799150392812,3.28497816917979,0.20681583857427
454,10,2,3,4,2.95868907562647,97.4434280410011,95.595890049043,100.148090671345,101.277021754254,13.535569484357,3.46143750769917,0.362766399109852
455,10,2,3,4,3.43634501342391,114.817743508334,110.090745816412,117.262907393927,118.473596877757,52.6449935964297,13.2886889304612,0.223828037597979
456,10,2,3,4,2.57136458795417,101.548486038341,101.311347447743,103.447418429498,111.258250487987,9.56550240356897,3.29709431018747,0.0863952576209327
457,10,2,3,4,4.24093118651955,91.5715613963308,95.6408512365342,97.960752606392,99.9053696664915,22.9214650942515,5.94537693857454,0.0246305527645068
458,10,2,3,4,3.4608566118217,98.7305205182747,102.043190780807,102.507100077544,104.921986813523,3.88358337146619,1.22833658987661,0.34910481702848
459,10,2,3,4,3.4830902995135,105.979819649936,105.925258026066,104.427406865484,107.116254175959,15.4487387174457,4.39837890074624,0.948486671715314
460,10,2,3,4,4.17773621244711,98.3318017996027,103.088023065362,102.729620585439,103.089979765134,6.9366209151856,2.00250181107467,0.20292454510979
461,10,2,3,4,3.12882158684498,96.5274578946769,96.9690095756416,98.2283684886811,96.5438613228699,19.7313027181306,5.37401619444112,0.999961823042882
462,10,2,3,4,2.99382603430046,94.9276802125034,99.5682364480377,101.859230623667,103.179063121122,8.46578959466972,2.76278906534094,0.104518886864297
463,10,2,3,4,3.42509907365123,92.4685832928096,98.8878507846369,99.241219515562,99.3141049815354,18.0882414254561,5.10923052880205,0.0179361331959906
464,10,2,3,4,4.00838888152037,106.756866059475,105.284662008115,107.17108799737,106.755102206934,17.9677182718939,4.84925897236594,0.999999817745612
465,10,2,3,4,3.80178574351774,116.747109179156,116.358091563494,118.142239158868,121.412900431213,64.6603403327313,16.176553501654,0.343598410278845
466,10,2,3,4,4.1201927471066,88.6476187881293,87.3116057422612,88.141925429293,94.9555943718731,48.9432556684434,12.3645094159705,0.111626085953752
467,10,2,3,4,3.67488725789349,100.587381534045,96.469749947773,101.307996638342,104.507693112016,6.3019418359152,1.99455032185242,0.562260438804574
468,10,2,3,4,3.52871821639435,98.6003903853092,98.1519910936804,101.242995045083,105.933637405149,5.9382608810766,1.52748070423723,0.0704383903598464
469,10,2,3,4,3.62036710978483,112.583979090666,113.69690220428,113.614610255372,116.859631582615,48.7551231329334,12.2401232826384,0.398586959635393
470,10,2,3,4,2.57244969517815,103.490458119943,107.463216424764,102.459441894333,109.811462895705,16.305695546079,4.77821293875358,0.1467742941351
471,10,2,3,4,3.95833604771758,96.7637772112657,91.8797064694875,96.1968940600259,98.8763687565191,24.2832535027018,6.32837686529202,0.547361951083145
472,10,2,3,4,4.36865851386014,107.89891987008,100.434599181316,102.985395203512,109.901397113044,13.2495209609281,4.65310967316979,0.689345706753749
473,10,2,3,4,4.65843827187662,102.107619340769,105.69199794332,106.642396435554,105.362362770469,11.8043764901123,3.54398287395337,0.429583785215064
474,10,2,3,4,4.00814552278873,96.7307726476332,95.0674947212159,96.2997599112849,104.390934958621,15.5110377612448,4.48000092850858,0.0461669158293569
475,10,2,3,4,2.70638866120337,101.352273119183,98.6905889070866,101.486970956503,105.742899651346,4.91761290693998,1.26336423662643,0.216246200720893
476,10,2,3,4,3.42990960500884,96.3651984559413,94.1676074663487,103.033508642569,100.198523285669,14.3021794346102,4.19177427823455,0.442421508375187
477,10,2,3,4,3.73510689328561,100.749538017475,104.520575343816,104.855736394274,106.828551670415,8.95440142598038,2.63556291212945,0.0994623366100646
478,10,2,3,4,4.60594655895581,91.9939863447652,89.7885412687698,101.391815197141,98.7036390195399,26.1220181697843,7.25604168992696,0.104648994418183
479,10,2,3,4,4.93847339246622,100.452069349856,97.2406622874818,102.722523278728,105.19837081203,3.68725459567635,1.40842603805789,0.491578786493792
480,10,2,3,4,3.51035369181571,100.882173195825,100.011865533473,103.628672938155,102.309487846227,4.21322382122678,1.45021167860829,0.957639576297792
481,10,2,3,4,3.42580957103586,102.493263639163,107.497239281761,107.821886762545,111.472297021547,21.2846867050155,5.64725997958917,0.023136154386056
482,10,2,3,4,4.24962677544197,95.0607503510298,94.903423784848,100.195422651232,103.959450693357,13.880952519533,3.85096329430969,0.236812084187788
483,10,2,3,4,2.92264683682307,93.7645229741988,91.1736619807498,93.6451268385959,100.5378762598,28.8788119466552,7.48681535614726,0.0595205991827725
484,10,2,3,4,3.2618995693899,94.962687664279,98.5094933021457,107.811843171994,102.320773935615,14.0188882699544,3.80552929301242,0.0907828451656645
485,10,2,3,4,3.31629287751278,81.5568361940573,89.9056516689529,87.5236396449588,88.2408930507119,60.7729794413191,15.5115405019788,0.0594209965741839
486,10,2,3,4,4.32949984435556,99.7504377819525,95.9755549979498,104.478678920466,107.82084443229,8.57353057285337,2.56914837719695,0.250300110999938
487,10,2,3,4,5.25355373546087,99.1036988126906,99.46116207594,103.694528232923,103.128992006939,4.00067533735387,1.12658138889334,0.709117509626068
488,10,2,3,4,2.32009157384025,104.416897691004,104.474766494589,109.058196040652,108.220781670277,18.1706418965217,4.65316274775696,0.646847884006808
489,10,2,3,4,4.6287641894827,100.642837598427,98.5531368907943,105.921916722245,106.747277723703,6.75889515357981,1.87731389292073,0.100172706858953
490,10,2,3,4,2.81299665950782,96.2357942541231,97.3993127288425,100.14092228055,96.3239967581827,17.8999739783014,5.10833086334302,0.999695254334035
491,10,2,3,4,3.82473346503941,102.671779025625,106.021954512356,107.84467045038,109.592407124177,18.1308111125384,4.68943957946031,0.137811453990077
492,10,2,3,4,4.23073513439655,103.331948606977,100.200171147173,102.551630093268,106.932453900749,5.91294356163115,1.94147905342047,0.290572533123732
493,10,2,3,4,4.82465598026925,92.1473571635331,93.8068939282135,96.7515582686383,97.8694976411672,27.4246929984478,6.89031295176523,0.239993698261762
494,10,2,3,4,5.60526612180521,88.4691220703814,89.0781351756074,94.3986347019341,93.1242645921465,42.9298434599305,10.8081549482114,0.232215928107827
495,10,2,3,4,2.97339485646072,99.1284046020629,93.8868801609348,103.10355193772,102.707486957763,9.38078021695867,3.29379157495993,0.104015991495958
496,10,2,3,4,3.51571624660388,98.7389965875537,101.602735815017,103.309053189594,106.887459180144,5.06025159720207,1.39793666967151,0.00784726388941803
497,10,2,3,4,2.9526773428807,110.093769518469,111.029678237958,109.260023505896,106.598181428015,28.9816526903388,8.14371020014974,0.613837207640659
498,10,2,3,4,3.72931084454259,97.8263558481266,100.788666605063,105.433544508384,102.187011865831,8.20884339949035,2.18984959701461,0.499786166995387
499,10,2,3,4,3.40053549072531,95.0473334284996,91.9286934199906,99.1226375176997,98.3669475536647,23.5343880801453,6.09725800364279,0.543965462024191
500,10,2,3,4,3.55018955972987,110.652468915535,112.64452929334,115.670692228281,117.5494666373,48.5171570744565,12.1593047649846,0.154155382000165
